"sampleID","zygostiy","gender","gsm"
"2621","MZ","M","GSM2814050"
"2622","MZ","M","GSM2814051"
"2691","MZ","F","GSM2814052"
"2692","MZ","F","GSM2814053"
"3391","DZ","F","GSM2814054"
"3392","DZ","F","GSM2814055"
"2791","MZ","F","GSM2814056"
"2792","MZ","F","GSM2814057"
"3161","MZ","F","GSM2814058"
"3162","MZ","F","GSM2814059"
"3211","MZ","M","GSM2814060"
"3212","MZ","M","GSM2814061"
"3431","DZ","M","GSM2814062"
"3432","DZ","M","GSM2814063"
"3441","DZ","F","GSM2814064"
"3442","DZ","F","GSM2814065"
"3311","MZ","F","GSM2814066"
"3312","MZ","F","GSM2814067"
"3341","MZ","M","GSM2814068"
"3342","MZ","M","GSM2814069"
"3411","MZ","F","GSM2814070"
"3412","MZ","F","GSM2814071"
"3461","DZ","M","GSM2814072"
"3462","DZ","M","GSM2814073"
"3471","DZ","M","GSM2814074"
"3472","DZ","M","GSM2814075"
"3501","DZ","F","GSM2814076"
"3502","DZ","F","GSM2814077"
"3451","MZ","M","GSM2814078"
"3452","MZ","M","GSM2814079"
"3601","MZ","F","GSM2814080"
"3602","MZ","F","GSM2814081"
"3621","MZ","F","GSM2814082"
"3622","MZ","F","GSM2814083"
"3521","DZ","M","GSM2814084"
"3522","DZ","M","GSM2814085"
"3531","DZ","F","GSM2814086"
"3532","DZ","F","GSM2814087"
"3541","DZ","F","GSM2814088"
"3542","DZ","F","GSM2814089"
"3641","MZ","F","GSM2814090"
"3642","MZ","F","GSM2814091"
"3661","MZ","F","GSM2814092"
"3662","MZ","F","GSM2814093"
"3691","MZ","F","GSM2814094"
"3692","MZ","F","GSM2814095"
"3551","DZ","F","GSM2814096"
"3552","DZ","F","GSM2814097"
"3591","DZ","M","GSM2814098"
"3592","DZ","M","GSM2814099"
"3611","DZ","F","GSM2814100"
"3612","DZ","F","GSM2814101"
"3701","MZ","M","GSM2814102"
"3702","MZ","M","GSM2814103"
"3761","MZ","F","GSM2814104"
"3762","MZ","F","GSM2814105"
"3791","MZ","M","GSM2814106"
"3792","MZ","M","GSM2814107"
"3631","DZ","M","GSM2814108"
"3632","DZ","M","GSM2814109"
"3651","MZ","F","GSM2814110"
"3652","MZ","F","GSM2814111"
"3721","DZ","F","GSM2814112"
"3722","DZ","F","GSM2814113"
"3801","MZ","M","GSM2814114"
"3802","MZ","M","GSM2814115"
"3821","MZ","M","GSM2814116"
"3822","MZ","M","GSM2814117"
"3841","MZ","F","GSM2814118"
"3842","MZ","F","GSM2814119"
"3751","DZ","F","GSM2814120"
"3752","DZ","F","GSM2814121"
"3771","DZ","F","GSM2814122"
"3772","DZ","F","GSM2814123"
"3781","MZ","F","GSM2814124"
"3782","MZ","F","GSM2814125"
"3881","MZ","F","GSM2814126"
"3882","MZ","F","GSM2814127"
"3931","MZ","M","GSM2814128"
"3932","MZ","M","GSM2814129"
"4021","MZ","M","GSM2814130"
"4022","MZ","M","GSM2814131"
"3811","DZ","F","GSM2814132"
"3812","DZ","F","GSM2814133"
"3851","MZ","F","GSM2814134"
"3852","MZ","F","GSM2814135"
"3861","DZ","F","GSM2814136"
"3862","DZ","F","GSM2814137"
"4081","MZ","M","GSM2814138"
"4082","MZ","M","GSM2814139"
"4111","MZ","F","GSM2814140"
"4112","MZ","F","GSM2814141"
"3871","DZ","F","GSM2814142"
"3872","DZ","F","GSM2814143"
"3901","DZ","M","GSM2814144"
"3902","DZ","M","GSM2814145"
"3911","DZ","M","GSM2814146"
"3912","DZ","M","GSM2814147"
"4141","MZ","F","GSM2814148"
"4142","MZ","F","GSM2814149"
"4151","MZ","F","GSM2814150"
"4152","MZ","F","GSM2814151"
"4161","MZ","M","GSM2814152"
"4162","MZ","M","GSM2814153"
"3921","DZ","F","GSM2814154"
"3922","DZ","F","GSM2814155"
"3951","DZ","F","GSM2814156"
"3952","DZ","F","GSM2814157"
"3961","DZ","M","GSM2814158"
"3962","DZ","M","GSM2814159"
"4171","MZ","F","GSM2814160"
"4172","MZ","F","GSM2814161"
"4181","MZ","F","GSM2814162"
"4182","MZ","F","GSM2814163"
"4201","MZ","M","GSM2814164"
"4202","MZ","M","GSM2814165"
"3971","DZ","M","GSM2814166"
"3972","DZ","M","GSM2814167"
"3991","DZ","M","GSM2814168"
"3992","DZ","M","GSM2814169"
"4011","DZ","M","GSM2814170"
"4012","DZ","M","GSM2814171"
"4241","MZ","F","GSM2814172"
"4242","MZ","F","GSM2814173"
"4261","MZ","M","GSM2814174"
"4262","MZ","M","GSM2814175"
"4311","MZ","M","GSM2814176"
"4312","MZ","M","GSM2814177"
"4031","DZ","F","GSM2814178"
"4032","DZ","F","GSM2814179"
"4051","DZ","M","GSM2814180"
"4052","DZ","M","GSM2814181"
"4071","DZ","M","GSM2814182"
"4072","DZ","M","GSM2814183"
"4331","MZ","M","GSM2814184"
"4332","MZ","M","GSM2814185"
"4341","MZ","M","GSM2814186"
"4342","MZ","M","GSM2814187"
"4351","MZ","M","GSM2814188"
"4352","MZ","M","GSM2814189"
"4091","DZ","F","GSM2814190"
"4092","DZ","F","GSM2814191"
"4131","DZ","F","GSM2814192"
"4132","DZ","F","GSM2814193"
"4191","DZ","F","GSM2814194"
"4192","DZ","F","GSM2814195"
"4361","MZ","F","GSM2814196"
"4362","MZ","F","GSM2814197"
"4381","MZ","M","GSM2814198"
"4382","MZ","M","GSM2814199"
"4401","MZ","F","GSM2814200"
"4402","MZ","F","GSM2814201"
"4211","DZ","M","GSM2814202"
"4212","DZ","M","GSM2814203"
"4231","DZ","F","GSM2814204"
"4232","DZ","F","GSM2814205"
"4251","MZ","M","GSM2814206"
"4252","MZ","M","GSM2814207"
"4441","MZ","F","GSM2814208"
"4442","MZ","F","GSM2814209"
"4451","MZ","M","GSM2814210"
"4452","MZ","M","GSM2814211"
"4461","MZ","M","GSM2814212"
"4462","MZ","M","GSM2814213"
"4271","DZ","M","GSM2814214"
"4272","DZ","M","GSM2814215"
"4281","DZ","M","GSM2814216"
"4282","DZ","M","GSM2814217"
"4291","DZ","M","GSM2814218"
"4292","DZ","M","GSM2814219"
"4471","MZ","M","GSM2814220"
"4472","MZ","M","GSM2814221"
"4501","DZ","M","GSM2814222"
"4502","DZ","M","GSM2814223"
"4531","MZ","F","GSM2814224"
"4532","MZ","F","GSM2814225"
"4301","DZ","M","GSM2814226"
"4302","DZ","M","GSM2814227"
"4421","DZ","M","GSM2814228"
"4422","DZ","M","GSM2814229"
"4481","DZ","F","GSM2814230"
"4482","DZ","F","GSM2814231"
"4621","MZ","F","GSM2814232"
"4622","MZ","F","GSM2814233"
"4631","MZ","F","GSM2814234"
"4632","MZ","F","GSM2814235"
"4551","DZ","F","GSM2814236"
"4552","DZ","F","GSM2814237"
"4721","DZ","M","GSM2814238"
"4722","DZ","M","GSM2814239"
"4751","MZ","F","GSM2814240"
"4752","MZ","F","GSM2814241"
"4562","NA","F","GSM2814242"
"4571","DZ","M","GSM2814243"
"4572","DZ","M","GSM2814244"
"4601","DZ","F","GSM2814245"
"4602","DZ","F","GSM2814246"
"4771","MZ","F","GSM2814247"
"4772","MZ","F","GSM2814248"
"4791","MZ","F","GSM2814249"
"4792","MZ","F","GSM2814250"
"4801","MZ","M","GSM2814251"
"4802","MZ","M","GSM2814252"
"4611","DZ","M","GSM2814253"
"4612","DZ","M","GSM2814254"
"4661","DZ","F","GSM2814255"
"4662","DZ","F","GSM2814256"
"4701","DZ","M","GSM2814257"
"4702","DZ","M","GSM2814258"
"4821","MZ","F","GSM2814259"
"4822","MZ","F","GSM2814260"
"4831","MZ","F","GSM2814261"
"4832","MZ","F","GSM2814262"
"4851","MZ","M","GSM2814263"
"4852","MZ","M","GSM2814264"
"4711","DZ","F","GSM2814265"
"4712","DZ","F","GSM2814266"
"4741","DZ","M","GSM2814267"
"4742","DZ","M","GSM2814268"
"4761","DZ","M","GSM2814269"
"4762","DZ","M","GSM2814270"
"4971","MZ","M","GSM2814271"
"4972","MZ","M","GSM2814272"
"4881","DZ","F","GSM2814273"
"4882","DZ","F","GSM2814274"
"5041","MZ","M","GSM2814275"
"5042","MZ","M","GSM2814276"
"4891","DZ","M","GSM2814277"
"4892","DZ","M","GSM2814278"
"4981","DZ","M","GSM2814279"
"4982","DZ","M","GSM2814280"
"4991","DZ","F","GSM2814281"
"4992","DZ","F","GSM2814282"
"5081","MZ","M","GSM2814283"
"5082","MZ","M","GSM2814284"
"5091","MZ","F","GSM2814285"
"5092","MZ","F","GSM2814286"
"5111","MZ","M","GSM2814287"
"5112","MZ","M","GSM2814288"
"5001","DZ","M","GSM2814289"
"5002","DZ","M","GSM2814290"
"5021","DZ","F","GSM2814291"
"5022","DZ","F","GSM2814292"
"5061","DZ","M","GSM2814293"
"5062","DZ","M","GSM2814294"
"5131","MZ","F","GSM2814295"
"5132","MZ","F","GSM2814296"
"5141","MZ","F","GSM2814297"
"5142","MZ","F","GSM2814298"
"5161","MZ","F","GSM2814299"
"5162","MZ","F","GSM2814300"
"5071","DZ","M","GSM2814301"
"5072","DZ","M","GSM2814302"
"5121","DZ","M","GSM2814303"
"5122","DZ","M","GSM2814304"
"5151","DZ","F","GSM2814305"
"5152","DZ","F","GSM2814306"
"5481","MZ","F","GSM2814307"
"5482","MZ","F","GSM2814308"
"5491","MZ","F","GSM2814309"
"5492","MZ","F","GSM2814310"
"5511","MZ","F","GSM2814311"
"5512","MZ","F","GSM2814312"
"5561","DZ","M","GSM2814313"
"5562","DZ","M","GSM2814314"
"5651","DZ","F","GSM2814315"
"5652","DZ","F","GSM2814316"
"5661","DZ","F","GSM2814317"
"5662","DZ","F","GSM2814318"
"5551","MZ","M","GSM2814319"
"5552","MZ","M","GSM2814320"
"5571","MZ","F","GSM2814321"
"5572","MZ","F","GSM2814322"
"5591","MZ","F","GSM2814323"
"5592","MZ","F","GSM2814324"
"5721","DZ","F","GSM2814325"
"5722","DZ","F","GSM2814326"
"5801","DZ","M","GSM2814327"
"5802","DZ","M","GSM2814328"
"5881","DZ","M","GSM2814329"
"5882","DZ","M","GSM2814330"
"5611","MZ","F","GSM2814331"
"5612","MZ","F","GSM2814332"
"5631","MZ","M","GSM2814333"
"5632","MZ","M","GSM2814334"
"5691","MZ","M","GSM2814335"
"5692","MZ","M","GSM2814336"
"5891","DZ","F","GSM2814337"
"5892","DZ","F","GSM2814338"
"5921","DZ","F","GSM2814339"
"5922","DZ","F","GSM2814340"
"5941","DZ","F","GSM2814341"
"5942","DZ","F","GSM2814342"
"5701","MZ","F","GSM2814343"
"5702","MZ","F","GSM2814344"
"5731","MZ","F","GSM2814345"
"5732","MZ","F","GSM2814346"
"5741","MZ","F","GSM2814347"
"5742","MZ","F","GSM2814348"
"5991","DZ","F","GSM2814349"
"5992","DZ","F","GSM2814350"
"6021","DZ","M","GSM2814351"
"6022","DZ","M","GSM2814352"
"6031","DZ","F","GSM2814353"
"6032","DZ","F","GSM2814354"
"6051","MZ","M","GSM2814355"
"6052","MZ","M","GSM2814356"
"8201","MZ","M","GSM2814357"
"8202","MZ","M","GSM2814358"
"6091","MZ","M","GSM2814359"
"6092","MZ","M","GSM2814360"
"6182","NA","M","GSM2814361"
"6371","DZ","M","GSM2814362"
"6372","DZ","M","GSM2814363"
"6471","DZ","F","GSM2814364"
"6472","DZ","F","GSM2814365"
"7261","MZ","F","GSM2814366"
"7262","MZ","F","GSM2814367"
"7341","MZ","M","GSM2814368"
"7342","MZ","M","GSM2814369"
"6211","MZ","F","GSM2814370"
"6212","MZ","F","GSM2814371"
"6231","MZ","F","GSM2814372"
"6232","MZ","F","GSM2814373"
"6291","MZ","F","GSM2814374"
"6292","MZ","F","GSM2814375"
"6511","DZ","F","GSM2814376"
"6512","DZ","F","GSM2814377"
"6531","DZ","M","GSM2814378"
"6532","DZ","M","GSM2814379"
"6541","MZ","F","GSM2814380"
"6542","MZ","F","GSM2814381"
"6311","MZ","M","GSM2814382"
"6312","MZ","M","GSM2814383"
"6331","MZ","F","GSM2814384"
"6332","MZ","F","GSM2814385"
"6391","MZ","M","GSM2814386"
"6392","MZ","M","GSM2814387"
"6561","DZ","F","GSM2814388"
"6562","DZ","F","GSM2814389"
"6621","DZ","F","GSM2814390"
"6622","DZ","F","GSM2814391"
"6401","MZ","F","GSM2814392"
"6402","MZ","F","GSM2814393"
"6421","MZ","M","GSM2814394"
"6422","MZ","M","GSM2814395"
"6431","MZ","M","GSM2814396"
"6432","MZ","M","GSM2814397"
"6651","DZ","M","GSM2814398"
"6652","DZ","M","GSM2814399"
"6661","DZ","F","GSM2814400"
"6662","DZ","F","GSM2814401"
"6691","DZ","F","GSM2814402"
"6692","DZ","F","GSM2814403"
"6461","MZ","M","GSM2814404"
"6462","MZ","M","GSM2814405"
"6501","MZ","M","GSM2814406"
"6502","MZ","M","GSM2814407"
"6521","MZ","F","GSM2814408"
"6522","MZ","F","GSM2814409"
"6721","DZ","F","GSM2814410"
"6722","DZ","F","GSM2814411"
"7201","MZ","M","GSM2814412"
"7202","MZ","M","GSM2814413"
"7221","MZ","F","GSM2814414"
"7222","MZ","F","GSM2814415"
"7251","MZ","F","GSM2814416"
"7252","MZ","F","GSM2814417"
"6811","DZ","F","GSM2814418"
"6812","DZ","F","GSM2814419"
"6871","MZ","F","GSM2814420"
"6872","MZ","F","GSM2814421"
"6551","MZ","M","GSM2814422"
"6552","MZ","M","GSM2814423"
"6581","MZ","F","GSM2814424"
"6582","MZ","F","GSM2814425"
"6591","MZ","F","GSM2814426"
"6592","MZ","F","GSM2814427"
"6891","DZ","F","GSM2814428"
"6892","DZ","F","GSM2814429"
"6841","MZ","M","GSM2814430"
"6842","MZ","M","GSM2814431"
"6851","MZ","F","GSM2814432"
"6852","MZ","F","GSM2814433"
"7281","DZ","M","GSM2814434"
"7282","DZ","M","GSM2814435"
"7311","DZ","F","GSM2814436"
"7312","DZ","F","GSM2814437"
"7321","DZ","M","GSM2814438"
"7322","DZ","M","GSM2814439"
"6861","MZ","M","GSM2814440"
"6862","MZ","M","GSM2814441"
"6931","MZ","F","GSM2814442"
"6932","MZ","F","GSM2814443"
"6941","MZ","M","GSM2814444"
"6942","MZ","M","GSM2814445"
"7391","DZ","M","GSM2814446"
"7392","DZ","M","GSM2814447"
"7071","MZ","M","GSM2814448"
"7072","MZ","M","GSM2814449"
"7091","MZ","M","GSM2814450"
"7092","MZ","M","GSM2814451"
"7101","MZ","F","GSM2814452"
"7102","MZ","F","GSM2814453"
"7431","MZ","F","GSM2814454"
"7432","MZ","F","GSM2814455"
"8431","DZ","M","GSM2814456"
"8432","DZ","M","GSM2814457"
"6951","MZ","M","GSM2814458"
"6952","MZ","M","GSM2814459"
"6971","MZ","M","GSM2814460"
"6972","MZ","M","GSM2814461"
"7011","MZ","F","GSM2814462"
"7012","MZ","F","GSM2814463"
"8551","DZ","M","GSM2814464"
"8552","DZ","M","GSM2814465"
"7031","DZ","M","GSM2814466"
"7032","DZ","M","GSM2814467"
"7041","MZ","M","GSM2814468"
"7042","MZ","M","GSM2814469"
"7061","MZ","F","GSM2814470"
"7062","MZ","F","GSM2814471"
"5781","MZ","F","GSM2814472"
"5782","MZ","F","GSM2814473"
"5791","MZ","F","GSM2814474"
"5792","MZ","F","GSM2814475"
"5841","MZ","M","GSM2814476"
"5842","MZ","M","GSM2814477"
"6041","DZ","F","GSM2814478"
"6042","DZ","F","GSM2814479"
"6101","DZ","M","GSM2814480"
"6102","DZ","M","GSM2814481"
"6111","DZ","M","GSM2814482"
"6112","DZ","M","GSM2814483"
"5851","MZ","F","GSM2814484"
"5852","MZ","F","GSM2814485"
"5861","MZ","M","GSM2814486"
"5862","MZ","M","GSM2814487"
"5911","MZ","F","GSM2814488"
"5912","MZ","F","GSM2814489"
"6141","DZ","M","GSM2814490"
"6142","DZ","M","GSM2814491"
"6151","DZ","M","GSM2814492"
"6152","DZ","M","GSM2814493"
"6191","DZ","F","GSM2814494"
"6192","DZ","F","GSM2814495"
"5931","MZ","F","GSM2814496"
"5932","MZ","F","GSM2814497"
"5951","MZ","M","GSM2814498"
"5952","MZ","M","GSM2814499"
"5961","MZ","F","GSM2814500"
"5962","MZ","F","GSM2814501"
"6201","DZ","F","GSM2814502"
"6202","DZ","F","GSM2814503"
"6221","DZ","F","GSM2814504"
"6222","DZ","F","GSM2814505"
"6241","DZ","M","GSM2814506"
"6242","DZ","M","GSM2814507"
"6901","DZ","M","GSM2814508"
"6902","DZ","M","GSM2814509"
"6981","DZ","F","GSM2814510"
"6982","DZ","F","GSM2814511"
"6601","MZ","F","GSM2814512"
"6602","MZ","F","GSM2814513"
"6701","MZ","M","GSM2814514"
"6702","MZ","M","GSM2814515"
"6711","MZ","F","GSM2814516"
"6712","MZ","F","GSM2814517"
"7001","DZ","F","GSM2814518"
"7002","DZ","F","GSM2814519"
"7021","DZ","M","GSM2814520"
"7022","DZ","M","GSM2814521"
"7141","MZ","F","GSM2814522"
"7142","MZ","F","GSM2814523"
"7161","MZ","F","GSM2814524"
"7162","MZ","F","GSM2814525"
"7181","MZ","M","GSM2814526"
"7182","MZ","M","GSM2814527"
"7111","DZ","M","GSM2814528"
"7112","DZ","M","GSM2814529"
"6741","MZ","F","GSM2814530"
"6742","MZ","F","GSM2814531"
"6751","MZ","F","GSM2814532"
"6752","MZ","F","GSM2814533"
"6761","MZ","M","GSM2814534"
"6762","MZ","M","GSM2814535"
"7151","DZ","M","GSM2814536"
"7152","DZ","M","GSM2814537"
"7171","DZ","M","GSM2814538"
"7172","DZ","M","GSM2814539"
"7191","DZ","M","GSM2814540"
"7192","DZ","M","GSM2814541"
"6771","MZ","F","GSM2814542"
"6772","MZ","F","GSM2814543"
"6791","MZ","M","GSM2814544"
"6792","MZ","M","GSM2814545"
"6801","MZ","F","GSM2814546"
"6802","MZ","F","GSM2814547"
"7231","DZ","F","GSM2814548"
"7232","DZ","F","GSM2814549"
"7241","DZ","F","GSM2814550"
"7242","DZ","F","GSM2814551"
"7271","DZ","F","GSM2814552"
"7272","DZ","F","GSM2814553"
"6821","MZ","M","GSM2814554"
"6822","MZ","M","GSM2814555"
"4911","MZ","F","GSM2814556"
"4912","MZ","F","GSM2814557"
"5011","MZ","M","GSM2814558"
"5012","MZ","M","GSM2814559"
"4491","DZ","F","GSM2814560"
"4492","DZ","F","GSM2814561"
"4941","MZ","F","GSM2814562"
"4942","MZ","F","GSM2814563"
"4581","MZ","F","GSM2814564"
"4582","MZ","F","GSM2814565"
"4541","DZ","M","GSM2814566"
"4542","DZ","M","GSM2814567"
"6261","DZ","M","GSM2814568"
"6262","DZ","M","GSM2814569"
"6071","MZ","F","GSM2814570"
"6072","MZ","F","GSM2814571"
"6341","DZ","F","GSM2814572"
"6342","DZ","F","GSM2814573"
"6081","MZ","M","GSM2814574"
"6082","MZ","M","GSM2814575"
"6271","MZ","M","GSM2814576"
"6272","MZ","M","GSM2814577"
"6351","DZ","F","GSM2814578"
"6352","DZ","F","GSM2814579"
"5171","MZ","M","GSM2814580"
"5172","MZ","M","GSM2814581"
"5231","MZ","F","GSM2814582"
"5232","MZ","F","GSM2814583"
"5261","MZ","F","GSM2814584"
"5262","MZ","F","GSM2814585"
"5181","DZ","F","GSM2814586"
"5182","DZ","F","GSM2814587"
"5221","MZ","M","GSM2814588"
"5222","MZ","M","GSM2814589"
"5251","DZ","F","GSM2814590"
"5252","DZ","F","GSM2814591"
"5271","MZ","F","GSM2814592"
"5272","MZ","F","GSM2814593"
"5301","MZ","M","GSM2814594"
"5302","MZ","M","GSM2814595"
"5331","MZ","F","GSM2814596"
"5332","MZ","F","GSM2814597"
"5321","DZ","F","GSM2814598"
"5322","DZ","F","GSM2814599"
"5351","DZ","M","GSM2814600"
"5352","DZ","M","GSM2814601"
"5361","DZ","M","GSM2814602"
"5362","DZ","M","GSM2814603"
"5341","MZ","M","GSM2814604"
"5342","MZ","M","GSM2814605"
"5381","MZ","M","GSM2814606"
"5382","MZ","M","GSM2814607"
"5391","MZ","M","GSM2814608"
"5392","MZ","M","GSM2814609"
"5371","DZ","M","GSM2814610"
"5372","DZ","M","GSM2814611"
"5431","DZ","M","GSM2814612"
"5432","DZ","M","GSM2814613"
"5451","MZ","M","GSM2814614"
"5452","MZ","M","GSM2814615"
"5401","MZ","F","GSM2814616"
"5402","MZ","F","GSM2814617"
"5411","MZ","M","GSM2814618"
"5412","MZ","M","GSM2814619"
"5421","MZ","M","GSM2814620"
"5422","MZ","M","GSM2814621"
"5461","DZ","F","GSM2814622"
"5462","DZ","F","GSM2814623"
"5501","DZ","M","GSM2814624"
"5502","DZ","M","GSM2814625"
"5541","DZ","F","GSM2814626"
"5542","DZ","F","GSM2814627"
"2071","DZ","M","GSM2814628"
"2072","DZ","M","GSM2814629"
"2181","MZ","M","GSM2814630"
"2182","MZ","M","GSM2814631"
"3191","DZ","F","GSM2814632"
"3192","DZ","F","GSM2814633"
"3401","DZ","F","GSM2814634"
"3402","DZ","F","GSM2814635"
"3421","MZ","F","GSM2814636"
"3422","MZ","F","GSM2814637"
"3571","MZ","F","GSM2814638"
"3572","MZ","F","GSM2814639"
"3681","DZ","M","GSM2814640"
"3682","DZ","M","GSM2814641"
"3941","MZ","M","GSM2814642"
"3942","MZ","M","GSM2814643"
"3981","DZ","F","GSM2814644"
"3982","DZ","F","GSM2814645"
"4041","MZ","F","GSM2814646"
"4042","MZ","F","GSM2814647"
"4391","DZ","F","GSM2814648"
"4392","DZ","F","GSM2814649"
"4591","DZ","F","GSM2814650"
"4592","DZ","F","GSM2814651"
"4651","MZ","M","GSM2814652"
"4652","MZ","M","GSM2814653"
"4671","DZ","M","GSM2814654"
"4672","DZ","M","GSM2814655"
"4811","DZ","F","GSM2814656"
"4812","DZ","F","GSM2814657"
"4861","DZ","M","GSM2814658"
"4862","DZ","M","GSM2814659"
"5031","MZ","M","GSM2814660"
"5032","MZ","M","GSM2814661"
"5471","MZ","M","GSM2814662"
"5472","MZ","M","GSM2814663"
"5621","MZ","M","GSM2814664"
"5622","MZ","M","GSM2814665"
"5681","MZ","M","GSM2814666"
"5682","MZ","M","GSM2814667"
"5831","MZ","F","GSM2814668"
"5832","MZ","F","GSM2814669"
"5871","DZ","M","GSM2814670"
"5872","DZ","M","GSM2814671"
"5971","MZ","M","GSM2814672"
"5972","MZ","M","GSM2814673"
"6161","MZ","M","GSM2814674"
"6162","MZ","M","GSM2814675"
"6251","DZ","F","GSM2814676"
"6252","DZ","F","GSM2814677"
"6281","DZ","F","GSM2814678"
"6282","DZ","F","GSM2814679"
"6381","DZ","F","GSM2814680"
"6382","DZ","F","GSM2814681"
"6411","MZ","M","GSM2814682"
"6412","MZ","M","GSM2814683"
"6491","DZ","M","GSM2814684"
"6492","DZ","M","GSM2814685"
"6571","DZ","M","GSM2814686"
"6572","DZ","M","GSM2814687"
"6671","DZ","M","GSM2814688"
"6672","DZ","M","GSM2814689"
"6731","MZ","M","GSM2814690"
"6732","MZ","M","GSM2814691"
"6781","MZ","F","GSM2814692"
"6782","MZ","F","GSM2814693"
"6831","MZ","F","GSM2814694"
"6832","MZ","F","GSM2814695"
"7131","MZ","M","GSM2814696"
"7132","MZ","M","GSM2814697"
"7421","MZ","F","GSM2814698"
"7422","MZ","F","GSM2814699"
"7451","MZ","M","GSM2814700"
"7452","MZ","M","GSM2814701"
"7461","DZ","F","GSM2814702"
"7462","DZ","F","GSM2814703"
"7471","DZ","F","GSM2814704"
"7472","DZ","F","GSM2814705"
"7481","MZ","M","GSM2814706"
"7482","MZ","M","GSM2814707"
"7491","MZ","M","GSM2814708"
"7492","MZ","M","GSM2814709"
"7501","DZ","F","GSM2814710"
"7502","DZ","F","GSM2814711"
"7521","MZ","F","GSM2814712"
"7522","MZ","F","GSM2814713"
"7541","DZ","M","GSM2814714"
"7542","DZ","M","GSM2814715"
"7531","MZ","M","GSM2814716"
"7532","MZ","M","GSM2814717"
"7551","MZ","M","GSM2814718"
"7552","MZ","M","GSM2814719"
"7561","MZ","M","GSM2814720"
"7562","MZ","M","GSM2814721"
"7571","MZ","M","GSM2814722"
"7572","MZ","M","GSM2814723"
"7581","DZ","F","GSM2814724"
"7582","DZ","F","GSM2814725"
"7591","MZ","M","GSM2814726"
"7592","MZ","M","GSM2814727"
"7601","DZ","F","GSM2814728"
"7602","DZ","F","GSM2814729"
"7611","MZ","M","GSM2814730"
"7612","MZ","M","GSM2814731"
"7621","DZ","M","GSM2814732"
"7622","DZ","M","GSM2814733"
"7631","MZ","F","GSM2814734"
"7632","MZ","F","GSM2814735"
"7641","DZ","M","GSM2814736"
"7642","DZ","M","GSM2814737"
"7651","DZ","F","GSM2814738"
"7652","DZ","F","GSM2814739"
"7661","MZ","M","GSM2814740"
"7662","MZ","M","GSM2814741"
"7671","MZ","M","GSM2814742"
"7672","MZ","M","GSM2814743"
"7681","MZ","F","GSM2814744"
"7682","MZ","F","GSM2814745"
"7701","DZ","M","GSM2814746"
"7702","DZ","M","GSM2814747"
"7711","MZ","M","GSM2814748"
"7712","MZ","M","GSM2814749"
"7721","MZ","F","GSM2814750"
"7722","MZ","F","GSM2814751"
"7731","MZ","F","GSM2814752"
"7732","MZ","F","GSM2814753"
"7741","MZ","M","GSM2814754"
"7742","MZ","M","GSM2814755"
"7751","DZ","F","GSM2814756"
"7752","DZ","F","GSM2814757"
"7761","MZ","F","GSM2814758"
"7762","MZ","F","GSM2814759"
"7781","MZ","M","GSM2814760"
"7782","MZ","M","GSM2814761"
"7791","MZ","M","GSM2814762"
"7792","MZ","M","GSM2814763"
"7811","MZ","F","GSM2814764"
"7812","MZ","F","GSM2814765"
"7831","MZ","F","GSM2814766"
"7832","MZ","F","GSM2814767"
"7851","MZ","M","GSM2814768"
"7852","MZ","M","GSM2814769"
"7861","MZ","M","GSM2814770"
"7862","MZ","M","GSM2814771"
"7871","MZ","M","GSM2814772"
"7872","MZ","M","GSM2814773"
"7881","DZ","F","GSM2814774"
"7882","DZ","F","GSM2814775"
"7891","MZ","M","GSM2814776"
"7892","MZ","M","GSM2814777"
"7901","MZ","F","GSM2814778"
"7902","MZ","F","GSM2814779"
"7911","MZ","F","GSM2814780"
"7912","MZ","F","GSM2814781"
"7931","MZ","F","GSM2814782"
"7932","MZ","F","GSM2814783"
"7941","MZ","M","GSM2814784"
"7942","MZ","M","GSM2814785"
"7951","DZ","M","GSM2814786"
"7952","DZ","M","GSM2814787"
"7961","MZ","F","GSM2814788"
"7962","MZ","F","GSM2814789"
"7991","DZ","F","GSM2814790"
"7992","DZ","F","GSM2814791"
"8001","DZ","M","GSM2814792"
"8002","DZ","M","GSM2814793"
"8011","MZ","M","GSM2814794"
"8012","MZ","M","GSM2814795"
"8031","MZ","M","GSM2814796"
"8032","MZ","M","GSM2814797"
"8041","MZ","M","GSM2814798"
"8042","MZ","M","GSM2814799"
"8051","DZ","F","GSM2814800"
"8052","DZ","F","GSM2814801"
"8071","DZ","F","GSM2814802"
"8072","DZ","F","GSM2814803"
"8081","DZ","M","GSM2814804"
"8082","DZ","M","GSM2814805"
"8111","MZ","M","GSM2814806"
"8112","MZ","M","GSM2814807"
"8131","DZ","M","GSM2814808"
"8132","DZ","M","GSM2814809"
"8141","MZ","M","GSM2814810"
"8142","MZ","M","GSM2814811"
"8151","MZ","M","GSM2814812"
"8152","MZ","M","GSM2814813"
"8171","MZ","F","GSM2814814"
"8172","MZ","F","GSM2814815"
"8191","DZ","F","GSM2814816"
"8192","DZ","F","GSM2814817"
"8211","MZ","F","GSM2814818"
"8212","MZ","F","GSM2814819"
"8181","MZ","M","GSM2814820"
"8182","MZ","M","GSM2814821"
"8221","MZ","M","GSM2814822"
"8222","MZ","M","GSM2814823"
"8231","MZ","F","GSM2814824"
"8232","MZ","F","GSM2814825"
"8241","DZ","F","GSM2814826"
"8242","DZ","F","GSM2814827"
"8251","MZ","F","GSM2814828"
"8252","MZ","F","GSM2814829"
"8261","MZ","M","GSM2814830"
"8262","MZ","M","GSM2814831"
"8301","MZ","M","GSM2814832"
"8302","MZ","M","GSM2814833"
"8311","DZ","M","GSM2814834"
"8312","DZ","M","GSM2814835"
"8321","DZ","M","GSM2814836"
"8322","DZ","M","GSM2814837"
"8341","MZ","M","GSM2814838"
"8342","MZ","M","GSM2814839"
"8531","NA","M","GSM2814840"
"8372","NA","F","GSM2814841"
"8381","DZ","F","GSM2814842"
"8382","DZ","F","GSM2814843"
"8401","MZ","F","GSM2814844"
"8402","MZ","F","GSM2814845"
"8441","DZ","M","GSM2814846"
"8442","DZ","M","GSM2814847"
"8451","MZ","F","GSM2814848"
"8452","MZ","F","GSM2814849"
"8461","MZ","M","GSM2814850"
"8462","MZ","M","GSM2814851"
"8481","DZ","F","GSM2814852"
"8482","DZ","F","GSM2814853"
"8501","MZ","M","GSM2814854"
"8502","MZ","M","GSM2814855"
"8512","NA","M","GSM2814856"
"8371","NA","F","GSM2814857"
"8532","NA","M","GSM2814858"
"8541","MZ","F","GSM2814859"
"8542","MZ","F","GSM2814860"
"8561","DZ","F","GSM2814861"
"8562","DZ","F","GSM2814862"
"8571","DZ","F","GSM2814863"
"8572","DZ","F","GSM2814864"
"8581","DZ","M","GSM2814865"
"8582","DZ","M","GSM2814866"
"8601","MZ","F","GSM2814867"
"8602","MZ","F","GSM2814868"
"8621","MZ","F","GSM2814869"
"8622","MZ","F","GSM2814870"
"8641","MZ","M","GSM2814871"
"8642","MZ","M","GSM2814872"
"8651","MZ","M","GSM2814873"
"8652","MZ","M","GSM2814874"
"8661","MZ","M","GSM2814875"
"8662","MZ","M","GSM2814876"
"8671","MZ","M","GSM2814877"
"8672","MZ","M","GSM2814878"
"8681","DZ","M","GSM2814879"
"8682","DZ","M","GSM2814880"
"8691","MZ","F","GSM2814881"
"8692","MZ","F","GSM2814882"
"8701","MZ","F","GSM2814883"
"8702","MZ","F","GSM2814884"
"8711","DZ","M","GSM2814885"
"8712","DZ","M","GSM2814886"
"8721","DZ","F","GSM2814887"
"8722","DZ","F","GSM2814888"
"8731","MZ","M","GSM2814889"
"8732","MZ","M","GSM2814890"
"8741","MZ","F","GSM2814891"
"8742","MZ","F","GSM2814892"
"8751","DZ","F","GSM2814893"
"8752","DZ","F","GSM2814894"
"8771","DZ","F","GSM2814895"
"8772","DZ","F","GSM2814896"
"8801","DZ","M","GSM2814897"
"8802","DZ","M","GSM2814898"
"8811","MZ","M","GSM2814899"
"8812","MZ","M","GSM2814900"
"8831","MZ","F","GSM2814901"
"8832","MZ","F","GSM2814902"
"8861","MZ","F","GSM2814903"
"8862","MZ","F","GSM2814904"
"8881","MZ","M","GSM2814905"
"8882","MZ","M","GSM2814906"
"8891","DZ","M","GSM2814907"
"8892","DZ","M","GSM2814908"
"8901","MZ","F","GSM2814909"
"8902","MZ","F","GSM2814910"
"8911","DZ","F","GSM2814911"
"8912","DZ","F","GSM2814912"
"8921","MZ","F","GSM2814913"
"8922","MZ","F","GSM2814914"
"8931","MZ","F","GSM2814915"
"8932","MZ","F","GSM2814916"
"8961","MZ","F","GSM2814917"
"8962","MZ","F","GSM2814918"
"8971","DZ","M","GSM2814919"
"8972","DZ","M","GSM2814920"
"9001","MZ","F","GSM2814921"
"9002","MZ","F","GSM2814922"
"9011","MZ","M","GSM2814923"
"9012","MZ","M","GSM2814924"
"9021","DZ","F","GSM2814925"
"9022","DZ","F","GSM2814926"
"9031","MZ","M","GSM2814927"
"9032","MZ","M","GSM2814928"
"9041","MZ","F","GSM2814929"
"9042","MZ","F","GSM2814930"
"9061","MZ","M","GSM2814931"
"9062","MZ","M","GSM2814932"
"9071","MZ","F","GSM2814933"
"9072","MZ","F","GSM2814934"
"9081","MZ","M","GSM2814935"
"9082","MZ","M","GSM2814936"
"9101","DZ","M","GSM2814937"
"9102","DZ","M","GSM2814938"
"9111","MZ","F","GSM2814939"
"9112","MZ","F","GSM2814940"
"9121","MZ","F","GSM2814941"
"9122","MZ","F","GSM2814942"
"9131","DZ","M","GSM2814943"
"9132","DZ","M","GSM2814944"
"9141","MZ","F","GSM2814945"
"9142","MZ","F","GSM2814946"
"9151","DZ","M","GSM2814947"
"9152","DZ","M","GSM2814948"
"9161","MZ","M","GSM2814949"
"9162","MZ","M","GSM2814950"
"9171","DZ","M","GSM2814951"
"9172","DZ","M","GSM2814952"
"9181","MZ","M","GSM2814953"
"9182","MZ","M","GSM2814954"
"9201","MZ","M","GSM2814955"
"9202","MZ","M","GSM2814956"
"9211","DZ","M","GSM2814957"
"9212","DZ","M","GSM2814958"
"9231","MZ","F","GSM2814959"
"9232","MZ","F","GSM2814960"
"11","DZ","M","GSM2814961"
"12","DZ","M","GSM2814962"
"21","DZ","M","GSM2814963"
"22","DZ","M","GSM2814964"
"31","DZ","F","GSM2814965"
"32","DZ","F","GSM2814966"
"41","DZ","M","GSM2814967"
"42","DZ","M","GSM2814968"
"61","MZ","M","GSM2814969"
"62","MZ","M","GSM2814970"
"81","MZ","F","GSM2814971"
"82","MZ","F","GSM2814972"
"91","MZ","F","GSM2814973"
"92","MZ","F","GSM2814974"
"101","MZ","M","GSM2814975"
"102","MZ","M","GSM2814976"
"121","DZ","M","GSM2814977"
"122","DZ","M","GSM2814978"
"141","MZ","M","GSM2814979"
"142","MZ","M","GSM2814980"
"151","MZ","F","GSM2814981"
"152","MZ","F","GSM2814982"
"161","MZ","F","GSM2814983"
"162","MZ","F","GSM2814984"
"171","MZ","M","GSM2814985"
"172","MZ","M","GSM2814986"
"181","DZ","M","GSM2814987"
"182","DZ","M","GSM2814988"
"191","MZ","M","GSM2814989"
"192","MZ","M","GSM2814990"
"201","DZ","M","GSM2814991"
"202","DZ","M","GSM2814992"
"211","MZ","M","GSM2814993"
"212","MZ","M","GSM2814994"
"221","MZ","F","GSM2814995"
"222","MZ","F","GSM2814996"
"231","DZ","M","GSM2814997"
"232","DZ","M","GSM2814998"
"241","DZ","M","GSM2814999"
"242","DZ","M","GSM2815000"
"251","DZ","M","GSM2815001"
"252","DZ","M","GSM2815002"
"261","DZ","M","GSM2815003"
"262","DZ","M","GSM2815004"
"271","DZ","F","GSM2815005"
"272","DZ","F","GSM2815006"
"281","DZ","F","GSM2815007"
"282","DZ","F","GSM2815008"
"291","DZ","M","GSM2815009"
"292","DZ","M","GSM2815010"
"301","MZ","M","GSM2815011"
"302","MZ","M","GSM2815012"
"321","MZ","F","GSM2815013"
"322","MZ","F","GSM2815014"
"351","MZ","M","GSM2815015"
"352","MZ","M","GSM2815016"
"371","DZ","F","GSM2815017"
"372","DZ","F","GSM2815018"
"381","DZ","M","GSM2815019"
"382","DZ","M","GSM2815020"
"391","MZ","M","GSM2815021"
"392","MZ","M","GSM2815022"
"411","DZ","F","GSM2815023"
"412","DZ","F","GSM2815024"
"431","DZ","F","GSM2815025"
"432","DZ","F","GSM2815026"
"441","DZ","F","GSM2815027"
"442","DZ","F","GSM2815028"
"461","DZ","F","GSM2815029"
"462","DZ","F","GSM2815030"
"471","DZ","F","GSM2815031"
"472","DZ","F","GSM2815032"
"501","DZ","F","GSM2815033"
"502","DZ","F","GSM2815034"
"511","MZ","M","GSM2815035"
"512","MZ","M","GSM2815036"
"521","MZ","F","GSM2815037"
"522","MZ","F","GSM2815038"
"531","DZ","M","GSM2815039"
"532","DZ","M","GSM2815040"
"541","MZ","F","GSM2815041"
"542","MZ","F","GSM2815042"
"551","DZ","M","GSM2815043"
"552","DZ","M","GSM2815044"
"571","MZ","F","GSM2815045"
"572","MZ","F","GSM2815046"
"611","DZ","M","GSM2815047"
"612","DZ","M","GSM2815048"
"621","DZ","F","GSM2815049"
"622","DZ","F","GSM2815050"
"631","DZ","M","GSM2815051"
"632","DZ","M","GSM2815052"
"651","MZ","M","GSM2815053"
"652","MZ","M","GSM2815054"
"661","MZ","F","GSM2815055"
"662","MZ","F","GSM2815056"
"671","DZ","F","GSM2815057"
"672","DZ","F","GSM2815058"
"681","MZ","F","GSM2815059"
"682","MZ","F","GSM2815060"
"691","MZ","F","GSM2815061"
"692","MZ","F","GSM2815062"
"701","MZ","M","GSM2815063"
"702","MZ","M","GSM2815064"
"711","MZ","M","GSM2815065"
"712","MZ","M","GSM2815066"
"721","MZ","M","GSM2815067"
"722","MZ","M","GSM2815068"
"751","DZ","M","GSM2815069"
"752","DZ","M","GSM2815070"
"771","MZ","M","GSM2815071"
"772","MZ","M","GSM2815072"
"781","MZ","M","GSM2815073"
"782","MZ","M","GSM2815074"
"791","DZ","M","GSM2815075"
"792","DZ","M","GSM2815076"
"811","MZ","F","GSM2815077"
"812","MZ","F","GSM2815078"
"831","MZ","M","GSM2815079"
"832","MZ","M","GSM2815080"
"851","DZ","F","GSM2815081"
"852","DZ","F","GSM2815082"
"881","MZ","M","GSM2815083"
"882","MZ","M","GSM2815084"
"901","DZ","F","GSM2815085"
"902","DZ","F","GSM2815086"
"911","MZ","F","GSM2815087"
"912","MZ","F","GSM2815088"
"921","DZ","M","GSM2815089"
"922","DZ","M","GSM2815090"
"931","DZ","F","GSM2815091"
"932","DZ","F","GSM2815092"
"941","MZ","M","GSM2815093"
"942","MZ","M","GSM2815094"
"961","MZ","M","GSM2815095"
"962","MZ","M","GSM2815096"
"991","DZ","M","GSM2815097"
"992","DZ","M","GSM2815098"
"1001","MZ","M","GSM2815099"
"1002","MZ","M","GSM2815100"
"1021","DZ","F","GSM2815101"
"1022","DZ","F","GSM2815102"
"1031","DZ","F","GSM2815103"
"1032","DZ","F","GSM2815104"
"1051","DZ","M","GSM2815105"
"1052","DZ","M","GSM2815106"
"1061","MZ","M","GSM2815107"
"1062","MZ","M","GSM2815108"
"1071","MZ","F","GSM2815109"
"1072","MZ","F","GSM2815110"
"1081","DZ","M","GSM2815111"
"1082","DZ","M","GSM2815112"
"1091","DZ","M","GSM2815113"
"1092","DZ","M","GSM2815114"
"1111","DZ","M","GSM2815115"
"1112","DZ","M","GSM2815116"
"1121","MZ","M","GSM2815117"
"1122","MZ","M","GSM2815118"
"1131","MZ","M","GSM2815119"
"1132","MZ","M","GSM2815120"
"1141","DZ","F","GSM2815121"
"1142","DZ","F","GSM2815122"
"1161","DZ","F","GSM2815123"
"1162","DZ","F","GSM2815124"
"1171","DZ","M","GSM2815125"
"1172","DZ","M","GSM2815126"
"1201","MZ","F","GSM2815127"
"1202","MZ","F","GSM2815128"
"1211","MZ","F","GSM2815129"
"1212","MZ","F","GSM2815130"
"1231","DZ","M","GSM2815131"
"1232","DZ","M","GSM2815132"
"1241","MZ","F","GSM2815133"
"1242","MZ","F","GSM2815134"
"1251","MZ","F","GSM2815135"
"1252","MZ","F","GSM2815136"
"1261","DZ","F","GSM2815137"
"1262","DZ","F","GSM2815138"
"1271","MZ","M","GSM2815139"
"1272","MZ","M","GSM2815140"
"1301","MZ","F","GSM2815141"
"1302","MZ","F","GSM2815142"
"1311","MZ","F","GSM2815143"
"1312","MZ","F","GSM2815144"
"1321","DZ","M","GSM2815145"
"1322","DZ","M","GSM2815146"
"1331","DZ","M","GSM2815147"
"1332","DZ","M","GSM2815148"
"1341","DZ","M","GSM2815149"
"1342","DZ","M","GSM2815150"
"1351","MZ","F","GSM2815151"
"1352","MZ","F","GSM2815152"
"1371","DZ","F","GSM2815153"
"1372","DZ","F","GSM2815154"
"1391","DZ","M","GSM2815155"
"1392","DZ","M","GSM2815156"
"1401","MZ","M","GSM2815157"
"1402","MZ","M","GSM2815158"
"1411","DZ","M","GSM2815159"
"1412","DZ","M","GSM2815160"
"1421","DZ","F","GSM2815161"
"1422","DZ","F","GSM2815162"
"1431","DZ","F","GSM2815163"
"1432","DZ","F","GSM2815164"
"1451","MZ","F","GSM2815165"
"1452","MZ","F","GSM2815166"
"1461","MZ","F","GSM2815167"
"1462","MZ","F","GSM2815168"
"1471","MZ","F","GSM2815169"
"1472","MZ","F","GSM2815170"
"1481","DZ","F","GSM2815171"
"1482","DZ","F","GSM2815172"
"1491","MZ","M","GSM2815173"
"1492","MZ","M","GSM2815174"
"1501","MZ","M","GSM2815175"
"1502","MZ","M","GSM2815176"
"1511","DZ","M","GSM2815177"
"1512","DZ","M","GSM2815178"
"1521","DZ","M","GSM2815179"
"1522","DZ","M","GSM2815180"
"1531","MZ","M","GSM2815181"
"1532","MZ","M","GSM2815182"
"1541","DZ","F","GSM2815183"
"1542","DZ","F","GSM2815184"
"1561","DZ","F","GSM2815185"
"1562","DZ","F","GSM2815186"
"1571","MZ","M","GSM2815187"
"1572","MZ","M","GSM2815188"
"1581","DZ","M","GSM2815189"
"1582","DZ","M","GSM2815190"
"1591","DZ","M","GSM2815191"
"1592","DZ","M","GSM2815192"
"1611","DZ","M","GSM2815193"
"1612","DZ","M","GSM2815194"
"1621","MZ","F","GSM2815195"
"1622","MZ","F","GSM2815196"
"1631","MZ","F","GSM2815197"
"1632","MZ","F","GSM2815198"
"1641","MZ","M","GSM2815199"
"1642","MZ","M","GSM2815200"
"1651","DZ","F","GSM2815201"
"1652","DZ","F","GSM2815202"
"1662","NA","F","GSM2815203"
"1671","MZ","M","GSM2815204"
"1672","MZ","M","GSM2815205"
"1692","NA","F","GSM2815206"
"1701","DZ","M","GSM2815207"
"1702","DZ","M","GSM2815208"
"1711","DZ","F","GSM2815209"
"1712","DZ","F","GSM2815210"
"1721","MZ","F","GSM2815211"
"1722","MZ","F","GSM2815212"
"1731","DZ","F","GSM2815213"
"1732","DZ","F","GSM2815214"
"1741","DZ","F","GSM2815215"
"1742","DZ","F","GSM2815216"
"1751","DZ","F","GSM2815217"
"1752","DZ","F","GSM2815218"
"1781","DZ","F","GSM2815219"
"1782","DZ","F","GSM2815220"
"1801","MZ","M","GSM2815221"
"1802","MZ","M","GSM2815222"
"1811","MZ","F","GSM2815223"
"1812","MZ","F","GSM2815224"
"1821","MZ","F","GSM2815225"
"1822","MZ","F","GSM2815226"
"1841","NA","F","GSM2815227"
"1851","MZ","F","GSM2815228"
"1852","MZ","F","GSM2815229"
"1881","MZ","M","GSM2815230"
"1882","MZ","M","GSM2815231"
"1901","DZ","F","GSM2815232"
"1902","DZ","F","GSM2815233"
"1911","MZ","M","GSM2815234"
"1912","MZ","M","GSM2815235"
"1921","MZ","F","GSM2815236"
"1922","MZ","F","GSM2815237"
"1931","MZ","M","GSM2815238"
"1932","MZ","M","GSM2815239"
"1941","MZ","F","GSM2815240"
"1942","MZ","F","GSM2815241"
"1961","MZ","F","GSM2815242"
"1962","MZ","F","GSM2815243"
"1981","MZ","F","GSM2815244"
"1982","MZ","F","GSM2815245"
"2001","MZ","F","GSM2815246"
"2002","MZ","F","GSM2815247"
"2011","DZ","M","GSM2815248"
"2012","DZ","M","GSM2815249"
"2021","MZ","F","GSM2815250"
"2022","MZ","F","GSM2815251"
"2041","MZ","F","GSM2815252"
"2042","MZ","F","GSM2815253"
"2051","MZ","F","GSM2815254"
"2052","MZ","F","GSM2815255"
"2091","DZ","F","GSM2815256"
"2092","DZ","F","GSM2815257"
"2101","DZ","F","GSM2815258"
"2102","DZ","F","GSM2815259"
"2111","MZ","M","GSM2815260"
"2112","MZ","M","GSM2815261"
"2121","DZ","M","GSM2815262"
"2122","DZ","M","GSM2815263"
"2131","MZ","M","GSM2815264"
"2132","MZ","M","GSM2815265"
"2141","MZ","M","GSM2815266"
"2142","MZ","M","GSM2815267"
"2161","MZ","M","GSM2815268"
"2162","MZ","M","GSM2815269"
"2171","MZ","M","GSM2815270"
"2172","MZ","M","GSM2815271"
"2191","MZ","M","GSM2815272"
"2192","MZ","M","GSM2815273"
"2211","MZ","F","GSM2815274"
"2212","MZ","F","GSM2815275"
"2221","MZ","M","GSM2815276"
"2222","MZ","M","GSM2815277"
"2231","DZ","M","GSM2815278"
"2232","DZ","M","GSM2815279"
"2251","DZ","F","GSM2815280"
"2252","DZ","F","GSM2815281"
"2261","MZ","F","GSM2815282"
"2262","MZ","F","GSM2815283"
"2271","MZ","M","GSM2815284"
"2272","MZ","M","GSM2815285"
"2281","DZ","F","GSM2815286"
"2282","DZ","F","GSM2815287"
"2291","DZ","M","GSM2815288"
"2292","DZ","M","GSM2815289"
"2301","MZ","M","GSM2815290"
"2302","MZ","M","GSM2815291"
"2311","MZ","M","GSM2815292"
"2312","MZ","M","GSM2815293"
"2321","MZ","F","GSM2815294"
"2322","MZ","F","GSM2815295"
"2331","MZ","M","GSM2815296"
"2332","MZ","M","GSM2815297"
"2341","DZ","F","GSM2815298"
"2342","DZ","F","GSM2815299"
"2361","MZ","M","GSM2815300"
"2362","MZ","M","GSM2815301"
"2381","DZ","F","GSM2815302"
"2382","DZ","F","GSM2815303"
"2391","MZ","F","GSM2815304"
"2392","MZ","F","GSM2815305"
"2411","DZ","F","GSM2815306"
"2412","DZ","F","GSM2815307"
"2431","DZ","M","GSM2815308"
"2432","DZ","M","GSM2815309"
"2441","MZ","F","GSM2815310"
"2442","MZ","F","GSM2815311"
"2461","DZ","M","GSM2815312"
"2462","DZ","M","GSM2815313"
"2471","DZ","M","GSM2815314"
"2472","DZ","M","GSM2815315"
"2491","MZ","M","GSM2815316"
"2492","MZ","M","GSM2815317"
"2511","DZ","F","GSM2815318"
"2512","DZ","F","GSM2815319"
"2521","DZ","F","GSM2815320"
"2522","DZ","F","GSM2815321"
"2531","MZ","M","GSM2815322"
"2532","MZ","M","GSM2815323"
"2541","MZ","M","GSM2815324"
"2542","MZ","M","GSM2815325"
"2551","DZ","M","GSM2815326"
"2552","DZ","M","GSM2815327"
"2561","MZ","M","GSM2815328"
"2562","MZ","M","GSM2815329"
"2571","MZ","F","GSM2815330"
"2572","MZ","F","GSM2815331"
"2581","MZ","M","GSM2815332"
"2582","MZ","M","GSM2815333"
"2601","DZ","M","GSM2815334"
"2602","DZ","M","GSM2815335"
"2631","DZ","M","GSM2815336"
"2632","DZ","M","GSM2815337"
"2641","DZ","M","GSM2815338"
"2642","DZ","M","GSM2815339"
"2651","MZ","F","GSM2815340"
"2652","MZ","F","GSM2815341"
"2661","MZ","F","GSM2815342"
"2662","MZ","F","GSM2815343"
"2681","DZ","F","GSM2815344"
"2682","DZ","F","GSM2815345"
"2701","DZ","F","GSM2815346"
"2702","DZ","F","GSM2815347"
"2711","DZ","F","GSM2815348"
"2712","DZ","F","GSM2815349"
"2721","MZ","M","GSM2815350"
"2722","MZ","M","GSM2815351"
"2731","MZ","F","GSM2815352"
"2732","MZ","F","GSM2815353"
"2751","MZ","M","GSM2815354"
"2752","MZ","M","GSM2815355"
"2762","NA","F","GSM2815356"
"2781","DZ","F","GSM2815357"
"2782","DZ","F","GSM2815358"
"2801","DZ","F","GSM2815359"
"2802","DZ","F","GSM2815360"
"2811","MZ","M","GSM2815361"
"2812","MZ","M","GSM2815362"
"2821","DZ","M","GSM2815363"
"2822","DZ","M","GSM2815364"
"2831","MZ","F","GSM2815365"
"2832","MZ","F","GSM2815366"
"2841","DZ","F","GSM2815367"
"2842","DZ","F","GSM2815368"
"2861","DZ","M","GSM2815369"
"2862","DZ","M","GSM2815370"
"2871","MZ","F","GSM2815371"
"2872","MZ","F","GSM2815372"
"2881","MZ","F","GSM2815373"
"2882","MZ","F","GSM2815374"
"2891","DZ","M","GSM2815375"
"2892","DZ","M","GSM2815376"
"2901","MZ","F","GSM2815377"
"2902","MZ","F","GSM2815378"
"2911","MZ","F","GSM2815379"
"2912","MZ","F","GSM2815380"
"2941","DZ","M","GSM2815381"
"2942","DZ","M","GSM2815382"
"2951","MZ","M","GSM2815383"
"2952","MZ","M","GSM2815384"
"2961","MZ","M","GSM2815385"
"2962","MZ","M","GSM2815386"
"2981","MZ","M","GSM2815387"
"2982","MZ","M","GSM2815388"
"2991","DZ","M","GSM2815389"
"2992","DZ","M","GSM2815390"
"3001","MZ","F","GSM2815391"
"3002","MZ","F","GSM2815392"
"3011","DZ","M","GSM2815393"
"3012","DZ","M","GSM2815394"
"3021","MZ","F","GSM2815395"
"3022","MZ","F","GSM2815396"
"3031","MZ","M","GSM2815397"
"3032","MZ","M","GSM2815398"
"3041","MZ","M","GSM2815399"
"3042","MZ","M","GSM2815400"
"3051","MZ","F","GSM2815401"
"3052","MZ","F","GSM2815402"
"3061","DZ","F","GSM2815403"
"3062","DZ","F","GSM2815404"
"3071","MZ","F","GSM2815405"
"3072","MZ","F","GSM2815406"
"3091","DZ","F","GSM2815407"
"3092","DZ","F","GSM2815408"
"3101","DZ","M","GSM2815409"
"3102","DZ","M","GSM2815410"
"3111","DZ","M","GSM2815411"
"3112","DZ","M","GSM2815412"
"3121","MZ","F","GSM2815413"
"3122","MZ","F","GSM2815414"
"3131","MZ","M","GSM2815415"
"3132","MZ","M","GSM2815416"
"3141","MZ","M","GSM2815417"
"3142","MZ","M","GSM2815418"
"3151","MZ","F","GSM2815419"
"3152","MZ","F","GSM2815420"
"3171","DZ","M","GSM2815421"
"3172","DZ","M","GSM2815422"
"3181","MZ","M","GSM2815423"
"3182","MZ","M","GSM2815424"
"3201","DZ","F","GSM2815425"
"3202","DZ","F","GSM2815426"
"3221","DZ","M","GSM2815427"
"3222","DZ","M","GSM2815428"
"3231","MZ","M","GSM2815429"
"3232","MZ","M","GSM2815430"
"3241","MZ","F","GSM2815431"
"3242","MZ","F","GSM2815432"
"3261","DZ","F","GSM2815433"
"3262","DZ","F","GSM2815434"
"3271","DZ","M","GSM2815435"
"3272","DZ","M","GSM2815436"
"3281","MZ","M","GSM2815437"
"3282","MZ","M","GSM2815438"
"3291","DZ","M","GSM2815439"
"3292","DZ","M","GSM2815440"
"3301","MZ","M","GSM2815441"
"3302","MZ","M","GSM2815442"
"3321","DZ","F","GSM2815443"
"3322","DZ","F","GSM2815444"
"3331","DZ","M","GSM2815445"
"3332","DZ","M","GSM2815446"
"3371","MZ","F","GSM2815447"
"3372","MZ","F","GSM2815448"
"3381","DZ","F","GSM2815449"
"3382","DZ","F","GSM2815450"
"1871","NA","F","GSM2815451"
"1971","NA","F","GSM2815452"
"2372","NA","M","GSM2815453"
"2972","NA","F","GSM2815454"
"3482","NA","F","GSM2815455"
"3491","NA","M","GSM2815456"
"3512","NA","F","GSM2815457"
"3562","NA","F","GSM2815458"
"3581","NA","F","GSM2815459"
"3672","NA","M","GSM2815460"
"3711","NA","M","GSM2815461"
"3731","NA","F","GSM2815462"
"3741","NA","M","GSM2815463"
"3891","NA","F","GSM2815464"
"4002","NA","M","GSM2815465"
"4061","NA","F","GSM2815466"
"4102","NA","M","GSM2815467"
"4221","NA","F","GSM2815468"
"4372","NA","F","GSM2815469"
"4412","NA","F","GSM2815470"
"4431","NA","M","GSM2815471"
"4512","NA","F","GSM2815472"
"4522","NA","F","GSM2815473"
"4641","NA","F","GSM2815474"
"4682","NA","M","GSM2815475"
"4692","NA","M","GSM2815476"
"4731","NA","M","GSM2815477"
"4781","NA","M","GSM2815478"
"4841","NA","M","GSM2815479"
"4872","NA","M","GSM2815480"
"4902","NA","M","GSM2815481"
"4921","NA","M","GSM2815482"
"4932","NA","M","GSM2815483"
"4962","NA","M","GSM2815484"
"5051","NA","F","GSM2815485"
"5102","NA","M","GSM2815486"
"5192","NA","M","GSM2815487"
"5202","NA","F","GSM2815488"
"5211","NA","F","GSM2815489"
"5242","NA","F","GSM2815490"
"5282","NA","F","GSM2815491"
"5291","NA","M","GSM2815492"
"5311","NA","F","GSM2815493"
"5442","NA","M","GSM2815494"
"5521","NA","F","GSM2815495"
"5531","NA","F","GSM2815496"
"5581","NA","F","GSM2815497"
"5602","NA","M","GSM2815498"
"5642","NA","F","GSM2815499"
"5672","NA","F","GSM2815500"
"5712","NA","F","GSM2815501"
"5752","NA","F","GSM2815502"
"5761","NA","F","GSM2815503"
"5771","NA","M","GSM2815504"
"5812","NA","M","GSM2815505"
"5821","NA","F","GSM2815506"
"5901","NA","M","GSM2815507"
"5981","NA","F","GSM2815508"
"6002","NA","F","GSM2815509"
"6121","NA","M","GSM2815510"
"6131","NA","F","GSM2815511"
"6172","NA","F","GSM2815512"
"6301","NA","M","GSM2815513"
"6361","NA","M","GSM2815514"
"6442","NA","F","GSM2815515"
"6452","NA","F","GSM2815516"
"6482","NA","F","GSM2815517"
"6612","NA","F","GSM2815518"
"6632","NA","M","GSM2815519"
"6642","NA","F","GSM2815520"
"6682","NA","F","GSM2815521"
"6881","NA","F","GSM2815522"
"6911","NA","M","GSM2815523"
"6921","NA","F","GSM2815524"
"6962","NA","F","GSM2815525"
"6991","NA","M","GSM2815526"
"7051","NA","F","GSM2815527"
"7082","NA","F","GSM2815528"
"7121","NA","M","GSM2815529"
"7211","NA","F","GSM2815530"
"7292","NA","F","GSM2815531"
"7301","NA","F","GSM2815532"
"7331","NA","F","GSM2815533"
"7351","NA","F","GSM2815534"
"7361","NA","M","GSM2815535"
"7372","NA","M","GSM2815536"
"7381","NA","F","GSM2815537"
"7402","NA","F","GSM2815538"
"7442","NA","M","GSM2815539"
"7512","NA","F","GSM2815540"
"7802","NA","M","GSM2815541"
"7841","NA","F","GSM2815542"
"7922","NA","M","GSM2815543"
"7972","NA","F","GSM2815544"
"8021","NA","M","GSM2815545"
"8061","NA","F","GSM2815546"
"8092","NA","F","GSM2815547"
"8101","NA","F","GSM2815548"
"8122","NA","M","GSM2815549"
"8162","NA","M","GSM2815550"
"8271","NA","M","GSM2815551"
"8292","NA","M","GSM2815552"
"8351","NA","F","GSM2815553"
"8362","NA","F","GSM2815554"
"8391","NA","F","GSM2815555"
"8411","NA","M","GSM2815556"
"8472","NA","F","GSM2815557"
"8491","NA","F","GSM2815558"
"8522","NA","M","GSM2815559"
"8611","NA","F","GSM2815560"
"8761","NA","F","GSM2815561"
"8792","NA","M","GSM2815562"
"8822","NA","F","GSM2815563"
"8841","NA","M","GSM2815564"
"8852","NA","F","GSM2815565"
"8872","NA","M","GSM2815566"
"8942","NA","F","GSM2815567"
"8951","NA","F","GSM2815568"
"8981","NA","M","GSM2815569"
"9052","NA","F","GSM2815570"
"9091","NA","F","GSM2815571"
"9191","NA","F","GSM2815572"
"9242","NA","F","GSM2815573"
"52","NA","F","GSM2815574"
"72","NA","F","GSM2815575"
"111","NA","M","GSM2815576"
"132","NA","M","GSM2815577"
"311","NA","F","GSM2815578"
"332","NA","M","GSM2815579"
"341","NA","M","GSM2815580"
"401","NA","M","GSM2815581"
"451","NA","F","GSM2815582"
"481","NA","F","GSM2815583"
"491","NA","F","GSM2815584"
"602","NA","F","GSM2815585"
"641","NA","F","GSM2815586"
"561","NA","M","GSM2815587"
"582","NA","F","GSM2815588"
"762","NA","M","GSM2815589"
"801","NA","F","GSM2815590"
"822","NA","F","GSM2815591"
"842","NA","F","GSM2815592"
"861","NA","M","GSM2815593"
"871","NA","F","GSM2815594"
"972","NA","M","GSM2815595"
"981","NA","M","GSM2815596"
"1011","NA","F","GSM2815597"
"1041","NA","M","GSM2815598"
"1102","NA","M","GSM2815599"
"1181","NA","M","GSM2815600"
"1191","NA","F","GSM2815601"
"1221","NA","F","GSM2815602"
"1281","NA","F","GSM2815603"
"1291","NA","M","GSM2815604"
"1362","NA","M","GSM2815605"
"1381","NA","F","GSM2815606"
"1442","NA","F","GSM2815607"
"1551","NA","M","GSM2815608"
"1601","NA","F","GSM2815609"
"1772","NA","F","GSM2815610"
"1831","NA","F","GSM2815611"
"1862","NA","F","GSM2815612"
"1891","NA","F","GSM2815613"
"1951","NA","M","GSM2815614"
"2031","NA","F","GSM2815615"
"2061","NA","F","GSM2815616"
"2152","NA","M","GSM2815617"
"2201","NA","M","GSM2815618"
"2242","NA","F","GSM2815619"
"2351","NA","F","GSM2815620"
"2422","NA","M","GSM2815621"
"2451","NA","M","GSM2815622"
"2501","NA","M","GSM2815623"
"2672","NA","M","GSM2815624"
"2741","NA","F","GSM2815625"
"2772","NA","F","GSM2815626"
"2852","NA","M","GSM2815627"
"2922","NA","M","GSM2815628"
"2932","NA","M","GSM2815629"
"3081","NA","F","GSM2815630"
"3351","NA","M","GSM2815631"
"3361","NA","M","GSM2815632"
"3831","MZ","F","GSM2815633"
"3832","MZ","F","GSM2815634"
"4121","MZ","M","GSM2815635"
"4122","MZ","M","GSM2815636"
"4321","MZ","F","GSM2815637"
"4322","MZ","F","GSM2815638"
"6011","MZ","M","GSM2815639"
"6012","MZ","M","GSM2815640"
"6061","MZ","M","GSM2815641"
"6062","MZ","M","GSM2815642"
"6321","MZ","M","GSM2815643"
"6322","MZ","M","GSM2815644"
"7411","MZ","M","GSM2815645"
"7412","MZ","M","GSM2815646"
"7691","MZ","M","GSM2815647"
"7692","MZ","M","GSM2815648"
"7771","MZ","M","GSM2815649"
"7772","MZ","M","GSM2815650"
"7821","MZ","M","GSM2815651"
"7822","MZ","M","GSM2815652"
"7981","MZ","M","GSM2815653"
"7982","MZ","M","GSM2815654"
"8281","MZ","M","GSM2815655"
"8282","MZ","M","GSM2815656"
"8331","DZ","F","GSM2815657"
"8332","DZ","F","GSM2815658"
"8421","MZ","F","GSM2815659"
"8422","MZ","F","GSM2815660"
"8591","MZ","M","GSM2815661"
"8592","MZ","M","GSM2815662"
"8631","MZ","F","GSM2815663"
"8632","MZ","F","GSM2815664"
"8781","MZ","F","GSM2815665"
"8782","MZ","F","GSM2815666"
"8991","MZ","M","GSM2815667"
"8992","MZ","M","GSM2815668"
"9221","MZ","F","GSM2815669"
"9222","MZ","F","GSM2815670"
"361","MZ","M","GSM2815671"
"362","MZ","M","GSM2815672"
"421","MZ","F","GSM2815673"
"422","MZ","F","GSM2815674"
"591","MZ","F","GSM2815675"
"592","MZ","F","GSM2815676"
"731","DZ","M","GSM2815677"
"732","DZ","M","GSM2815678"
"741","MZ","F","GSM2815679"
"742","MZ","F","GSM2815680"
"891","MZ","M","GSM2815681"
"892","MZ","M","GSM2815682"
"951","MZ","F","GSM2815683"
"952","MZ","F","GSM2815684"
"1151","MZ","M","GSM2815685"
"1152","MZ","M","GSM2815686"
"1681","MZ","F","GSM2815687"
"1682","MZ","F","GSM2815688"
"1761","MZ","F","GSM2815689"
"1762","MZ","F","GSM2815690"
"1791","MZ","M","GSM2815691"
"1792","MZ","M","GSM2815692"
"1991","MZ","F","GSM2815693"
"1992","MZ","F","GSM2815694"
"2081","MZ","M","GSM2815695"
"2082","MZ","M","GSM2815696"
"2401","MZ","M","GSM2815697"
"2402","MZ","M","GSM2815698"
"2481","MZ","M","GSM2815699"
"2482","MZ","M","GSM2815700"
"2591","MZ","M","GSM2815701"
"2592","MZ","M","GSM2815702"
"2611","MZ","F","GSM2815703"
"2612","MZ","F","GSM2815704"
"3251","MZ","M","GSM2815705"
"3252","MZ","M","GSM2815706"
"4951","NA","M","GSM2815707"
